decision,final_reason,object_ids,scan_ids,categories,source_track_ids,appearance_score,appearance_status,simultaneously_visible,overlap_frames,overlapping_frame_iou_max,overlapping_frame_iou_avg,raw_trajectory_distance,stabilized_trajectory_distance,stabilized_coordinates_used,trajectory_distance,iou,size_ratio,aspect_ratio,class_vote_similarity,canonical_scan_id
merge,same physical object evidence accepted,aa894e58-e4d8-446a-a5f0-69b0600d03a1-object-0007 | aa894e58-e4d8-446a-a5f0-69b0600d03a1-object-0011,9e371ee9-be8d-5636-9889-071ffa3f4cc4 | bdc32c7f-2040-5063-85fc-f582b42bff6e,cardboard | cardboard,"[[""26"", ""42""], [""40""]]",0.9254,appearance compared successfully,True,5,0.947,0.9336,0.1696,0.0934,True,0.0934,0.1323,0.8398,0.7462,0.9815,9e371ee9-be8d-5636-9889-071ffa3f4cc4
merge,same physical object evidence accepted,aa894e58-e4d8-446a-a5f0-69b0600d03a1-object-0008 | aa894e58-e4d8-446a-a5f0-69b0600d03a1-object-0010,1dea76dd-dad1-5662-89fb-610ee65f1e31 | 5c409e53-6f25-5f9a-a851-aa8aa7cce794,plastic | cardboard,"[[""28"", ""33"", ""46""], [""38"", ""39""]]",0.9867,appearance compared successfully,True,8,0.9909,0.9847,0.1775,0.0075,True,0.0075,0.2269,0.9246,0.9895,0.0126,1dea76dd-dad1-5662-89fb-610ee65f1e31
separate,simultaneous low-IoU boxes for 46 frames,aa894e58-e4d8-446a-a5f0-69b0600d03a1-object-0001 | aa894e58-e4d8-446a-a5f0-69b0600d03a1-object-0002,9978d2a2-6017-5348-b3e4-54318380a8f0 | 6d78f2ab-b633-5385-a9f3-1bed91099431,cardboard | metal,"[[""1""], [""3"", ""5""]]",0.5776,appearance compared successfully,True,46,0.0457,0.0259,0.379,0.0622,True,0.0622,0.0152,0.0975,0.2927,0.1017,
separate,size/aspect mismatch,aa894e58-e4d8-446a-a5f0-69b0600d03a1-object-0001 | aa894e58-e4d8-446a-a5f0-69b0600d03a1-object-0003,9978d2a2-6017-5348-b3e4-54318380a8f0 | 2f31120a-78f3-5941-bdb0-10e521d54923,cardboard | plastic,"[[""1""], [""10"", ""23""]]",0.6307,appearance compared successfully,False,0,,,0.3189,0.2358,True,0.2358,0.1785,0.1783,0.3429,0.6213,
separate,size/aspect mismatch,aa894e58-e4d8-446a-a5f0-69b0600d03a1-object-0001 | aa894e58-e4d8-446a-a5f0-69b0600d03a1-object-0004,9978d2a2-6017-5348-b3e4-54318380a8f0 | 4d2f42ba-27c6-515e-a89e-5c51463b80a9,cardboard | plastic,"[[""1""], [""11""]]",0.6744,appearance compared successfully,False,0,,,0.3436,0.4799,True,0.4799,0.2261,0.3338,0.4626,0.3457,
separate,size/aspect mismatch,aa894e58-e4d8-446a-a5f0-69b0600d03a1-object-0001 | aa894e58-e4d8-446a-a5f0-69b0600d03a1-object-0005,9978d2a2-6017-5348-b3e4-54318380a8f0 | 0e73ec90-0d86-58d3-ae3b-15c0b901852a,cardboard | cardboard,"[[""1""], [""12"", ""13""]]",0.591,appearance compared successfully,False,0,,,0.3682,0.1823,True,0.1823,0.1315,0.2537,0.5529,0.9939,
separate,size/aspect mismatch,aa894e58-e4d8-446a-a5f0-69b0600d03a1-object-0001 | aa894e58-e4d8-446a-a5f0-69b0600d03a1-object-0006,9978d2a2-6017-5348-b3e4-54318380a8f0 | 16c70c74-caab-5a7f-af06-6b71a5a4855a,cardboard | plastic,"[[""1""], [""22""]]",0.6301,appearance compared successfully,False,0,,,0.3469,0.1925,True,0.1925,0.0084,0.0774,0.5581,0.3028,
separate,size/aspect mismatch,aa894e58-e4d8-446a-a5f0-69b0600d03a1-object-0001 | aa894e58-e4d8-446a-a5f0-69b0600d03a1-object-0007,9978d2a2-6017-5348-b3e4-54318380a8f0 | 9e371ee9-be8d-5636-9889-071ffa3f4cc4,cardboard | cardboard,"[[""1""], [""26"", ""42""]]",0.7001,appearance compared successfully,False,0,,,0.4786,0.8929,True,0.8929,0.0077,0.1781,0.5618,0.9926,
separate,size/aspect mismatch,aa894e58-e4d8-446a-a5f0-69b0600d03a1-object-0001 | aa894e58-e4d8-446a-a5f0-69b0600d03a1-object-0008,9978d2a2-6017-5348-b3e4-54318380a8f0 | 1dea76dd-dad1-5662-89fb-610ee65f1e31,cardboard | plastic,"[[""1""], [""28"", ""33"", ""46""]]",0.6296,appearance compared successfully,False,0,,,0.2508,0.7082,True,0.7082,0.0868,0.3161,0.8409,0.3149,
separate,temporal gap 100 exceeds 90,aa894e58-e4d8-446a-a5f0-69b0600d03a1-object-0001 | aa894e58-e4d8-446a-a5f0-69b0600d03a1-object-0009,9978d2a2-6017-5348-b3e4-54318380a8f0 | e76a7eb7-78f4-51cb-9b45-8e2136a6769b,cardboard | plastic,"[[""1""], [""35"", ""37""]]",0.4513,appearance compared successfully,False,0,,,0.5537,1.0474,True,1.0474,0.0188,0.0679,0.3265,0.3028,
separate,temporal gap 130 exceeds 90,aa894e58-e4d8-446a-a5f0-69b0600d03a1-object-0001 | aa894e58-e4d8-446a-a5f0-69b0600d03a1-object-0010,9978d2a2-6017-5348-b3e4-54318380a8f0 | 5c409e53-6f25-5f9a-a851-aa8aa7cce794,cardboard | cardboard,"[[""1""], [""38"", ""39""]]",0.6086,appearance compared successfully,False,0,,,0.0413,0.7143,True,0.7143,0.1031,0.2922,0.8321,0.9525,
separate,temporal gap 141 exceeds 90,aa894e58-e4d8-446a-a5f0-69b0600d03a1-object-0001 | aa894e58-e4d8-446a-a5f0-69b0600d03a1-object-0011,9978d2a2-6017-5348-b3e4-54318380a8f0 | bdc32c7f-2040-5063-85fc-f582b42bff6e,cardboard | cardboard,"[[""1""], [""40""]]",0.6879,appearance compared successfully,False,0,,,0.2209,0.9735,True,0.9735,0.0447,0.181,0.7529,0.9518,
separate,simultaneous low-IoU boxes for 67 frames,aa894e58-e4d8-446a-a5f0-69b0600d03a1-object-0002 | aa894e58-e4d8-446a-a5f0-69b0600d03a1-object-0003,6d78f2ab-b633-5385-a9f3-1bed91099431 | 2f31120a-78f3-5941-bdb0-10e521d54923,metal | plastic,"[[""3"", ""5""], [""10"", ""23""]]",0.6355,appearance compared successfully,True,67,0.0,0.0,0.1551,0.3899,True,0.3899,0.2417,0.5472,0.8537,0.2637,
separate,simultaneous low-IoU boxes for 30 frames,aa894e58-e4d8-446a-a5f0-69b0600d03a1-object-0002 | aa894e58-e4d8-446a-a5f0-69b0600d03a1-object-0004,6d78f2ab-b633-5385-a9f3-1bed91099431 | 4d2f42ba-27c6-515e-a89e-5c51463b80a9,metal | plastic,"[[""3"", ""5""], [""11""]]",0.6121,appearance compared successfully,True,30,0.0,0.0,0.7285,0.3786,True,0.3786,0.0,0.2923,0.6328,0.2508,
separate,temporal overlap 10 exceeds 5,aa894e58-e4d8-446a-a5f0-69b0600d03a1-object-0002 | aa894e58-e4d8-446a-a5f0-69b0600d03a1-object-0005,6d78f2ab-b633-5385-a9f3-1bed91099431 | 0e73ec90-0d86-58d3-ae3b-15c0b901852a,metal | cardboard,"[[""3"", ""5""], [""12"", ""13""]]",0.6173,appearance compared successfully,True,10,0.0,0.0,0.1321,0.3475,True,0.3475,0.318,0.3845,0.5294,0.1133,
separate,simultaneous low-IoU boxes for 20 frames,aa894e58-e4d8-446a-a5f0-69b0600d03a1-object-0002 | aa894e58-e4d8-446a-a5f0-69b0600d03a1-object-0006,6d78f2ab-b633-5385-a9f3-1bed91099431 | 16c70c74-caab-5a7f-af06-6b71a5a4855a,metal | plastic,"[[""3"", ""5""], [""22""]]",0.5859,appearance compared successfully,True,20,0.0354,0.0113,0.3084,0.311,True,0.311,0.0,0.4091,0.5244,0.2821,
separate,simultaneous low-IoU boxes for 17 frames,aa894e58-e4d8-446a-a5f0-69b0600d03a1-object-0002 | aa894e58-e4d8-446a-a5f0-69b0600d03a1-object-0007,6d78f2ab-b633-5385-a9f3-1bed91099431 | 9e371ee9-be8d-5636-9889-071ffa3f4cc4,metal | cardboard,"[[""3"", ""5""], [""26"", ""42""]]",0.6856,appearance compared successfully,True,17,0.0,0.0,0.8746,0.7988,True,0.7988,0.0,0.5477,0.521,0.1163,
separate,temporal overlap 8 exceeds 5,aa894e58-e4d8-446a-a5f0-69b0600d03a1-object-0002 | aa894e58-e4d8-446a-a5f0-69b0600d03a1-object-0008,6d78f2ab-b633-5385-a9f3-1bed91099431 | 1dea76dd-dad1-5662-89fb-610ee65f1e31,metal | plastic,"[[""3"", ""5""], [""28"", ""33"", ""46""]]",0.7216,appearance compared successfully,True,8,0.0,0.0,0.6486,0.6158,True,0.6158,0.0,0.3086,0.3481,0.282,
separate,size/aspect mismatch,aa894e58-e4d8-446a-a5f0-69b0600d03a1-object-0002 | aa894e58-e4d8-446a-a5f0-69b0600d03a1-object-0009,6d78f2ab-b633-5385-a9f3-1bed91099431 | e76a7eb7-78f4-51cb-9b45-8e2136a6769b,metal | plastic,"[[""3"", ""5""], [""35"", ""37""]]",0.5661,appearance compared successfully,False,0,,,0.9256,0.9969,True,0.9969,0.0,0.615,0.8964,0.2821,
separate,size/aspect mismatch,aa894e58-e4d8-446a-a5f0-69b0600d03a1-object-0002 | aa894e58-e4d8-446a-a5f0-69b0600d03a1-object-0010,6d78f2ab-b633-5385-a9f3-1bed91099431 | 5c409e53-6f25-5f9a-a851-aa8aa7cce794,metal | cardboard,"[[""3"", ""5""], [""38"", ""39""]]",0.6902,appearance compared successfully,False,0,,,0.4069,0.6175,True,0.6175,0.0,0.3338,0.3518,0.0,
separate,size/aspect mismatch,aa894e58-e4d8-446a-a5f0-69b0600d03a1-object-0002 | aa894e58-e4d8-446a-a5f0-69b0600d03a1-object-0011,6d78f2ab-b633-5385-a9f3-1bed91099431 | bdc32c7f-2040-5063-85fc-f582b42bff6e,metal | cardboard,"[[""3"", ""5""], [""40""]]",0.6934,appearance compared successfully,False,0,,,0.6188,0.8772,True,0.8772,0.0,0.5389,0.3888,0.1634,
separate,simultaneous low-IoU boxes for 30 frames,aa894e58-e4d8-446a-a5f0-69b0600d03a1-object-0003 | aa894e58-e4d8-446a-a5f0-69b0600d03a1-object-0004,2f31120a-78f3-5941-bdb0-10e521d54923 | 4d2f42ba-27c6-515e-a89e-5c51463b80a9,plastic | plastic,"[[""10"", ""23""], [""11""]]",0.6615,appearance compared successfully,True,30,0.0,0.0,0.8738,0.5333,True,0.5333,0.0,0.5132,0.7412,0.8596,
separate,temporal overlap 10 exceeds 5,aa894e58-e4d8-446a-a5f0-69b0600d03a1-object-0003 | aa894e58-e4d8-446a-a5f0-69b0600d03a1-object-0005,2f31120a-78f3-5941-bdb0-10e521d54923 | 0e73ec90-0d86-58d3-ae3b-15c0b901852a,plastic | cardboard,"[[""10"", ""23""], [""12"", ""13""]]",0.6868,appearance compared successfully,True,10,0.8933,0.8608,0.1852,0.1554,True,0.1554,0.0431,0.7027,0.6202,0.7007,
separate,simultaneous low-IoU boxes for 17 frames,aa894e58-e4d8-446a-a5f0-69b0600d03a1-object-0003 | aa894e58-e4d8-446a-a5f0-69b0600d03a1-object-0006,2f31120a-78f3-5941-bdb0-10e521d54923 | 16c70c74-caab-5a7f-af06-6b71a5a4855a,plastic | plastic,"[[""10"", ""23""], [""22""]]",0.6968,appearance compared successfully,True,17,0.0,0.0,0.2291,0.1567,True,0.1567,0.0,0.3727,0.6143,0.9348,
separate,simultaneous low-IoU boxes for 13 frames,aa894e58-e4d8-446a-a5f0-69b0600d03a1-object-0003 | aa894e58-e4d8-446a-a5f0-69b0600d03a1-object-0007,2f31120a-78f3-5941-bdb0-10e521d54923 | 9e371ee9-be8d-5636-9889-071ffa3f4cc4,plastic | cardboard,"[[""10"", ""23""], [""26"", ""42""]]",0.6652,appearance compared successfully,True,13,0.0,0.0,0.9916,0.931,True,0.931,0.0,0.7732,0.6103,0.709,
separate,size/aspect mismatch,aa894e58-e4d8-446a-a5f0-69b0600d03a1-object-0003 | aa894e58-e4d8-446a-a5f0-69b0600d03a1-object-0008,2f31120a-78f3-5941-bdb0-10e521d54923 | 1dea76dd-dad1-5662-89fb-610ee65f1e31,plastic | plastic,"[[""10"", ""23""], [""28"", ""33"", ""46""]]",0.6851,appearance compared successfully,True,4,0.0,0.0,0.7639,0.749,True,0.749,0.0,0.564,0.4077,0.9392,
separate,size/aspect mismatch,aa894e58-e4d8-446a-a5f0-69b0600d03a1-object-0003 | aa894e58-e4d8-446a-a5f0-69b0600d03a1-object-0009,2f31120a-78f3-5941-bdb0-10e521d54923 | e76a7eb7-78f4-51cb-9b45-8e2136a6769b,plastic | plastic,"[[""10"", ""23""], [""35"", ""37""]]",0.6644,appearance compared successfully,False,0,,,0.9519,1.0594,True,1.0594,0.0,0.381,0.9524,0.9348,
separate,size/aspect mismatch,aa894e58-e4d8-446a-a5f0-69b0600d03a1-object-0003 | aa894e58-e4d8-446a-a5f0-69b0600d03a1-object-0010,2f31120a-78f3-5941-bdb0-10e521d54923 | 5c409e53-6f25-5f9a-a851-aa8aa7cce794,plastic | cardboard,"[[""10"", ""23""], [""38"", ""39""]]",0.6823,appearance compared successfully,False,0,,,0.5195,0.7574,True,0.7574,0.0,0.6101,0.412,0.3552,
separate,size/aspect mismatch,aa894e58-e4d8-446a-a5f0-69b0600d03a1-object-0003 | aa894e58-e4d8-446a-a5f0-69b0600d03a1-object-0011,2f31120a-78f3-5941-bdb0-10e521d54923 | bdc32c7f-2040-5063-85fc-f582b42bff6e,plastic | cardboard,"[[""10"", ""23""], [""40""]]",0.6685,appearance compared successfully,False,0,,,0.731,1.0116,True,1.0116,0.0,0.6494,0.4554,0.8309,
separate,temporal overlap 10 exceeds 5,aa894e58-e4d8-446a-a5f0-69b0600d03a1-object-0004 | aa894e58-e4d8-446a-a5f0-69b0600d03a1-object-0005,4d2f42ba-27c6-515e-a89e-5c51463b80a9 | 0e73ec90-0d86-58d3-ae3b-15c0b901852a,plastic | cardboard,"[[""11""], [""12"", ""13""]]",0.6551,appearance compared successfully,True,10,0.0,0.0,0.4754,0.6121,True,0.6121,0.0,0.6326,0.8367,0.4307,
separate,size/aspect mismatch,aa894e58-e4d8-446a-a5f0-69b0600d03a1-object-0004 | aa894e58-e4d8-446a-a5f0-69b0600d03a1-object-0006,4d2f42ba-27c6-515e-a89e-5c51463b80a9 | 16c70c74-caab-5a7f-af06-6b71a5a4855a,plastic | plastic,"[[""11""], [""22""]]",0.6678,appearance compared successfully,False,0,,,0.4455,0.3777,True,0.3777,0.0,0.1913,0.8288,0.889,
separate,size/aspect mismatch,aa894e58-e4d8-446a-a5f0-69b0600d03a1-object-0004 | aa894e58-e4d8-446a-a5f0-69b0600d03a1-object-0007,4d2f42ba-27c6-515e-a89e-5c51463b80a9 | 9e371ee9-be8d-5636-9889-071ffa3f4cc4,plastic | cardboard,"[[""11""], [""26"", ""42""]]",0.6066,appearance compared successfully,False,0,,,0.3755,0.4687,True,0.4687,0.0,0.3968,0.8233,0.4397,
separate,size/aspect mismatch,aa894e58-e4d8-446a-a5f0-69b0600d03a1-object-0004 | aa894e58-e4d8-446a-a5f0-69b0600d03a1-object-0008,4d2f42ba-27c6-515e-a89e-5c51463b80a9 | 1dea76dd-dad1-5662-89fb-610ee65f1e31,plastic | plastic,"[[""11""], [""28"", ""33"", ""46""]]",0.6084,appearance compared successfully,False,0,,,0.1535,0.2839,True,0.2839,0.1814,0.5144,0.5501,0.8899,
separate,size/aspect mismatch,aa894e58-e4d8-446a-a5f0-69b0600d03a1-object-0004 | aa894e58-e4d8-446a-a5f0-69b0600d03a1-object-0009,4d2f42ba-27c6-515e-a89e-5c51463b80a9 | e76a7eb7-78f4-51cb-9b45-8e2136a6769b,plastic | plastic,"[[""11""], [""35"", ""37""]]",0.6743,appearance compared successfully,False,0,,,0.4904,0.6669,True,0.6669,0.0,0.2035,0.7059,0.889,
separate,size/aspect mismatch,aa894e58-e4d8-446a-a5f0-69b0600d03a1-object-0004 | aa894e58-e4d8-446a-a5f0-69b0600d03a1-object-0010,4d2f42ba-27c6-515e-a89e-5c51463b80a9 | 5c409e53-6f25-5f9a-a851-aa8aa7cce794,plastic | cardboard,"[[""11""], [""38"", ""39""]]",0.6235,appearance compared successfully,False,0,,,0.1229,0.2875,True,0.2875,0.286,0.4868,0.5559,0.0803,
separate,temporal gap 95 exceeds 90,aa894e58-e4d8-446a-a5f0-69b0600d03a1-object-0004 | aa894e58-e4d8-446a-a5f0-69b0600d03a1-object-0011,4d2f42ba-27c6-515e-a89e-5c51463b80a9 | bdc32c7f-2040-5063-85fc-f582b42bff6e,plastic | cardboard,"[[""11""], [""40""]]",0.6337,appearance compared successfully,False,0,,,0.1285,0.5484,True,0.5484,0.1413,0.3332,0.6144,0.5804,
separate,size/aspect mismatch,aa894e58-e4d8-446a-a5f0-69b0600d03a1-object-0005 | aa894e58-e4d8-446a-a5f0-69b0600d03a1-object-0006,0e73ec90-0d86-58d3-ae3b-15c0b901852a | 16c70c74-caab-5a7f-af06-6b71a5a4855a,cardboard | plastic,"[[""12"", ""13""], [""22""]]",0.6693,appearance compared successfully,False,0,,,0.177,0.2816,True,0.2816,0.0218,0.3024,0.9905,0.4017,
separate,size/aspect mismatch,aa894e58-e4d8-446a-a5f0-69b0600d03a1-object-0005 | aa894e58-e4d8-446a-a5f0-69b0600d03a1-object-0007,0e73ec90-0d86-58d3-ae3b-15c0b901852a | 9e371ee9-be8d-5636-9889-071ffa3f4cc4,cardboard | cardboard,"[[""12"", ""13""], [""26"", ""42""]]",0.6098,appearance compared successfully,False,0,,,0.8733,1.0426,True,1.0426,0.0,0.6273,0.984,0.9999,
separate,trajectory discontinuity,aa894e58-e4d8-446a-a5f0-69b0600d03a1-object-0005 | aa894e58-e4d8-446a-a5f0-69b0600d03a1-object-0008,0e73ec90-0d86-58d3-ae3b-15c0b901852a | 1dea76dd-dad1-5662-89fb-610ee65f1e31,cardboard | plastic,"[[""12"", ""13""], [""28"", ""33"", ""46""]]",0.578,appearance compared successfully,False,0,,,0.6437,0.8588,True,0.8588,0.0,0.8026,0.6575,0.4132,
separate,size/aspect mismatch,aa894e58-e4d8-446a-a5f0-69b0600d03a1-object-0005 | aa894e58-e4d8-446a-a5f0-69b0600d03a1-object-0009,0e73ec90-0d86-58d3-ae3b-15c0b901852a | e76a7eb7-78f4-51cb-9b45-8e2136a6769b,cardboard | plastic,"[[""12"", ""13""], [""35"", ""37""]]",0.6153,appearance compared successfully,False,0,,,0.8699,1.1813,True,1.1813,0.0,0.2677,0.5906,0.4017,
separate,temporal gap 96 exceeds 90,aa894e58-e4d8-446a-a5f0-69b0600d03a1-object-0005 | aa894e58-e4d8-446a-a5f0-69b0600d03a1-object-0010,0e73ec90-0d86-58d3-ae3b-15c0b901852a | 5c409e53-6f25-5f9a-a851-aa8aa7cce794,cardboard | cardboard,"[[""12"", ""13""], [""38"", ""39""]]",0.5864,appearance compared successfully,False,0,,,0.3948,0.8659,True,0.8659,0.0,0.7695,0.6644,0.9158,
separate,temporal gap 107 exceeds 90,aa894e58-e4d8-446a-a5f0-69b0600d03a1-object-0005 | aa894e58-e4d8-446a-a5f0-69b0600d03a1-object-0011,0e73ec90-0d86-58d3-ae3b-15c0b901852a | bdc32c7f-2040-5063-85fc-f582b42bff6e,cardboard | cardboard,"[[""12"", ""13""], [""40""]]",0.6043,appearance compared successfully,False,0,,,0.6114,1.1233,True,1.1233,0.0,0.5268,0.7343,0.9792,
separate,simultaneous low-IoU boxes for 16 frames,aa894e58-e4d8-446a-a5f0-69b0600d03a1-object-0006 | aa894e58-e4d8-446a-a5f0-69b0600d03a1-object-0007,16c70c74-caab-5a7f-af06-6b71a5a4855a | 9e371ee9-be8d-5636-9889-071ffa3f4cc4,plastic | cardboard,"[[""22""], [""26"", ""42""]]",0.5043,appearance compared successfully,True,16,0.0,0.0,0.7988,0.7218,True,0.7218,0.0,0.4344,0.9934,0.4123,
separate,temporal overlap 7 exceeds 5,aa894e58-e4d8-446a-a5f0-69b0600d03a1-object-0006 | aa894e58-e4d8-446a-a5f0-69b0600d03a1-object-0008,16c70c74-caab-5a7f-af06-6b71a5a4855a | 1dea76dd-dad1-5662-89fb-610ee65f1e31,plastic | plastic,"[[""22""], [""28"", ""33"", ""46""]]",0.5088,appearance compared successfully,True,7,0.0,0.0,0.5767,0.546,True,0.546,0.0,0.2448,0.6637,0.9999,
separate,size/aspect mismatch,aa894e58-e4d8-446a-a5f0-69b0600d03a1-object-0006 | aa894e58-e4d8-446a-a5f0-69b0600d03a1-object-0009,16c70c74-caab-5a7f-af06-6b71a5a4855a | e76a7eb7-78f4-51cb-9b45-8e2136a6769b,plastic | plastic,"[[""22""], [""35"", ""37""]]",0.8218,appearance compared successfully,False,0,,,0.7397,0.8334,True,0.8334,0.0,0.6652,0.585,1.0,
separate,size/aspect mismatch,aa894e58-e4d8-446a-a5f0-69b0600d03a1-object-0006 | aa894e58-e4d8-446a-a5f0-69b0600d03a1-object-0010,16c70c74-caab-5a7f-af06-6b71a5a4855a | 5c409e53-6f25-5f9a-a851-aa8aa7cce794,plastic | cardboard,"[[""22""], [""38"", ""39""]]",0.5017,appearance compared successfully,False,0,,,0.3483,0.5568,True,0.5568,0.0,0.2647,0.6708,0.0,
separate,size/aspect mismatch,aa894e58-e4d8-446a-a5f0-69b0600d03a1-object-0006 | aa894e58-e4d8-446a-a5f0-69b0600d03a1-object-0011,16c70c74-caab-5a7f-af06-6b71a5a4855a | bdc32c7f-2040-5063-85fc-f582b42bff6e,plastic | cardboard,"[[""22""], [""40""]]",0.5007,appearance compared successfully,False,0,,,0.5438,0.8017,True,0.8017,0.0,0.4274,0.7413,0.5792,
separate,simultaneous low-IoU boxes for 135 frames,aa894e58-e4d8-446a-a5f0-69b0600d03a1-object-0007 | aa894e58-e4d8-446a-a5f0-69b0600d03a1-object-0008,9e371ee9-be8d-5636-9889-071ffa3f4cc4 | 1dea76dd-dad1-5662-89fb-610ee65f1e31,cardboard | plastic,"[[""26"", ""42""], [""28"", ""33"", ""46""]]",0.7181,appearance compared successfully,True,135,0.0841,0.0029,0.188,0.2987,True,0.2987,0.1505,0.5634,0.6681,0.4238,
separate,simultaneous low-IoU boxes for 106 frames,aa894e58-e4d8-446a-a5f0-69b0600d03a1-object-0007 | aa894e58-e4d8-446a-a5f0-69b0600d03a1-object-0009,9e371ee9-be8d-5636-9889-071ffa3f4cc4 | e76a7eb7-78f4-51cb-9b45-8e2136a6769b,cardboard | plastic,"[[""26"", ""42""], [""35"", ""37""]]",0.4914,appearance compared successfully,True,106,0.0508,0.0045,0.5384,0.3614,True,0.3614,0.0,0.3814,0.5812,0.4123,
separate,temporal overlap 8 exceeds 5,aa894e58-e4d8-446a-a5f0-69b0600d03a1-object-0007 | aa894e58-e4d8-446a-a5f0-69b0600d03a1-object-0010,9e371ee9-be8d-5636-9889-071ffa3f4cc4 | 5c409e53-6f25-5f9a-a851-aa8aa7cce794,cardboard | cardboard,"[[""26"", ""42""], [""38"", ""39""]]",0.7164,appearance compared successfully,True,8,0.0,0.0,0.1539,0.2887,True,0.2887,0.2764,0.6094,0.6752,0.911,
separate,simultaneous low-IoU boxes for 106 frames,aa894e58-e4d8-446a-a5f0-69b0600d03a1-object-0008 | aa894e58-e4d8-446a-a5f0-69b0600d03a1-object-0009,1dea76dd-dad1-5662-89fb-610ee65f1e31 | e76a7eb7-78f4-51cb-9b45-8e2136a6769b,plastic | plastic,"[[""28"", ""33"", ""46""], [""35"", ""37""]]",0.503,appearance compared successfully,True,106,0.0186,0.0004,0.6965,0.4122,True,0.4122,0.0,0.2149,0.3883,0.9999,
separate,size/aspect mismatch,aa894e58-e4d8-446a-a5f0-69b0600d03a1-object-0008 | aa894e58-e4d8-446a-a5f0-69b0600d03a1-object-0011,1dea76dd-dad1-5662-89fb-610ee65f1e31 | bdc32c7f-2040-5063-85fc-f582b42bff6e,plastic | cardboard,"[[""28"", ""33"", ""46""], [""40""]]",0.732,appearance compared successfully,True,5,0.0,0.0,0.3933,0.2553,True,0.2553,0.0,0.5727,0.8953,0.5894,
separate,temporal overlap 8 exceeds 5,aa894e58-e4d8-446a-a5f0-69b0600d03a1-object-0009 | aa894e58-e4d8-446a-a5f0-69b0600d03a1-object-0010,e76a7eb7-78f4-51cb-9b45-8e2136a6769b | 5c409e53-6f25-5f9a-a851-aa8aa7cce794,plastic | cardboard,"[[""35"", ""37""], [""38"", ""39""]]",0.5046,appearance compared successfully,True,8,0.0,0.0,0.5662,0.7357,True,0.7357,0.0,0.2324,0.3924,0.0,
separate,size/aspect mismatch,aa894e58-e4d8-446a-a5f0-69b0600d03a1-object-0009 | aa894e58-e4d8-446a-a5f0-69b0600d03a1-object-0011,e76a7eb7-78f4-51cb-9b45-8e2136a6769b | bdc32c7f-2040-5063-85fc-f582b42bff6e,plastic | cardboard,"[[""35"", ""37""], [""40""]]",0.3996,appearance compared successfully,True,5,0.0,0.0,0.4141,0.5223,True,0.5223,0.0,0.3752,0.4337,0.5792,
separate,size/aspect mismatch,aa894e58-e4d8-446a-a5f0-69b0600d03a1-object-0010 | aa894e58-e4d8-446a-a5f0-69b0600d03a1-object-0011,5c409e53-6f25-5f9a-a851-aa8aa7cce794 | bdc32c7f-2040-5063-85fc-f582b42bff6e,cardboard | cardboard,"[[""38"", ""39""], [""40""]]",0.7229,appearance compared successfully,False,0,,,0.2459,0.2603,True,0.2603,0.0,0.6195,0.9048,0.8152,
