decision,reason,logical_object_ids,scan_ids,categories,confidence,source_track_ids,frame_ranges,selected_bboxes,simultaneously_visible,overlap_frames,temporal_gap,trajectory_distance,endpoint_iou,overlapping_frame_iou_avg,overlapping_frame_iou_max,width_ratio,height_ratio,aspect_ratio,class_vote_similarity,object_crop_appearance_status,object_crop_appearance_score,simultaneous_low_iou_separate,strong_overlap_switch,selected_canonical_scan_id,thresholds
accepted,same physical object evidence accepted,aa894e58-e4d8-446a-a5f0-69b0600d03a1-object-0007 | aa894e58-e4d8-446a-a5f0-69b0600d03a1-object-0011,9e371ee9-be8d-5636-9889-071ffa3f4cc4 | bdc32c7f-2040-5063-85fc-f582b42bff6e,cardboard | cardboard,0.9281 | 0.6382,"[""26"", ""42""] | [""40""]",158-301 | 235-239,"[0.335834, 0.723128, 0.58891, 0.94547] | [0.354298, 0.624363, 0.595239, 0.80584]",True,5,0,0.1696,0.1323,0.9336,0.947,0.8398,0.9838,0.7462,0.9815,appearance compared successfully,0.8602,False,True,9e371ee9-be8d-5636-9889-071ffa3f4cc4,"{""appearance_similarity"": 0.82, ""center_distance"": 0.18, ""iou"": 0.08, ""max_gap"": 90, ""max_overlap_frames"": 5, ""meaningful_overlap_frames"": 12, ""min_appearance_similarity"": 0.45, ""overlap_iou"": 0.3, ""size_ratio"": 0.65, ""strong_center_distance"": 0.12, ""strong_overlap_iou"": 0.9, ""strong_overlap_max_frames"": 10, ""strong_size_ratio"": 0.7}"
accepted,same physical object evidence accepted,aa894e58-e4d8-446a-a5f0-69b0600d03a1-object-0008 | aa894e58-e4d8-446a-a5f0-69b0600d03a1-object-0010,1dea76dd-dad1-5662-89fb-610ee65f1e31 | 5c409e53-6f25-5f9a-a851-aa8aa7cce794,plastic | cardboard,0.7023 | 0.4171,"[""28"", ""33"", ""46""] | [""38"", ""39""]",167-301 | 224-231,"[0.286432, 0.371353, 0.632567, 0.660795] | [0.282319, 0.356168, 0.634773, 0.648162]",True,8,0,0.1775,0.2269,0.9847,0.9909,0.9463,0.9246,0.9895,0.0126,appearance compared successfully,0.9988,False,True,1dea76dd-dad1-5662-89fb-610ee65f1e31,"{""appearance_similarity"": 0.82, ""center_distance"": 0.18, ""iou"": 0.08, ""max_gap"": 90, ""max_overlap_frames"": 5, ""meaningful_overlap_frames"": 12, ""min_appearance_similarity"": 0.45, ""overlap_iou"": 0.3, ""size_ratio"": 0.65, ""strong_center_distance"": 0.12, ""strong_overlap_iou"": 0.9, ""strong_overlap_max_frames"": 10, ""strong_size_ratio"": 0.7}"
separated,simultaneous low-IoU boxes for 46 frames,aa894e58-e4d8-446a-a5f0-69b0600d03a1-object-0001 | aa894e58-e4d8-446a-a5f0-69b0600d03a1-object-0002,9978d2a2-6017-5348-b3e4-54318380a8f0 | 6d78f2ab-b633-5385-a9f3-1bed91099431,cardboard | metal,0.9593 | 0.7054,"[""1""] | [""3"", ""5""]",0-94 | 49-174,"[0.000112, 0.0, 0.999608, 0.99892] | [0.42245, 0.478037, 0.904651, 0.567147]",True,46,0,0.379,0.0152,0.0259,0.0457,0.3373,0.0975,0.2927,0.1017,appearance compared successfully,0.5089,True,False,,"{""appearance_similarity"": 0.82, ""center_distance"": 0.18, ""iou"": 0.08, ""max_gap"": 90, ""max_overlap_frames"": 5, ""meaningful_overlap_frames"": 12, ""min_appearance_similarity"": 0.45, ""overlap_iou"": 0.3, ""size_ratio"": 0.65, ""strong_center_distance"": 0.12, ""strong_overlap_iou"": 0.9, ""strong_overlap_max_frames"": 10, ""strong_size_ratio"": 0.7}"
separated,size/aspect mismatch,aa894e58-e4d8-446a-a5f0-69b0600d03a1-object-0001 | aa894e58-e4d8-446a-a5f0-69b0600d03a1-object-0003,9978d2a2-6017-5348-b3e4-54318380a8f0 | 2f31120a-78f3-5941-bdb0-10e521d54923,cardboard | plastic,0.9593 | 0.7921,"[""1""] | [""10"", ""23""]",0-94 | 104-170,"[0.000112, 0.0, 0.999608, 0.99892] | [0.152403, 0.000518, 0.499877, 0.10817]",False,0,10,0.3189,0.1785,,,0.3703,0.1783,0.3429,0.6213,appearance compared successfully,0.5812,False,False,,"{""appearance_similarity"": 0.82, ""center_distance"": 0.18, ""iou"": 0.08, ""max_gap"": 90, ""max_overlap_frames"": 5, ""meaningful_overlap_frames"": 12, ""min_appearance_similarity"": 0.45, ""overlap_iou"": 0.3, ""size_ratio"": 0.65, ""strong_center_distance"": 0.12, ""strong_overlap_iou"": 0.9, ""strong_overlap_max_frames"": 10, ""strong_size_ratio"": 0.7}"
separated,size/aspect mismatch,aa894e58-e4d8-446a-a5f0-69b0600d03a1-object-0001 | aa894e58-e4d8-446a-a5f0-69b0600d03a1-object-0004,9978d2a2-6017-5348-b3e4-54318380a8f0 | 4d2f42ba-27c6-515e-a89e-5c51463b80a9,cardboard | plastic,0.9593 | 0.4667,"[""1""] | [""11""]",0-94 | 111-140,"[0.000112, 0.0, 0.999608, 0.99892] | [0.238957, 0.670522, 0.942991, 0.99131]",False,0,17,0.3436,0.2261,,,0.7215,0.3338,0.4626,0.3457,appearance compared successfully,0.7129,False,False,,"{""appearance_similarity"": 0.82, ""center_distance"": 0.18, ""iou"": 0.08, ""max_gap"": 90, ""max_overlap_frames"": 5, ""meaningful_overlap_frames"": 12, ""min_appearance_similarity"": 0.45, ""overlap_iou"": 0.3, ""size_ratio"": 0.65, ""strong_center_distance"": 0.12, ""strong_overlap_iou"": 0.9, ""strong_overlap_max_frames"": 10, ""strong_size_ratio"": 0.7}"
separated,size/aspect mismatch,aa894e58-e4d8-446a-a5f0-69b0600d03a1-object-0001 | aa894e58-e4d8-446a-a5f0-69b0600d03a1-object-0005,9978d2a2-6017-5348-b3e4-54318380a8f0 | 0e73ec90-0d86-58d3-ae3b-15c0b901852a,cardboard | cardboard,0.9593 | 0.6919,"[""1""] | [""12"", ""13""]",0-94 | 119-128,"[0.000112, 0.0, 0.999608, 0.99892] | [0.168886, 0.000352, 0.606813, 0.2273]",False,0,25,0.3682,0.1315,,,0.4564,0.2537,0.5529,0.9939,appearance compared successfully,0.499,False,False,,"{""appearance_similarity"": 0.82, ""center_distance"": 0.18, ""iou"": 0.08, ""max_gap"": 90, ""max_overlap_frames"": 5, ""meaningful_overlap_frames"": 12, ""min_appearance_similarity"": 0.45, ""overlap_iou"": 0.3, ""size_ratio"": 0.65, ""strong_center_distance"": 0.12, ""strong_overlap_iou"": 0.9, ""strong_overlap_max_frames"": 10, ""strong_size_ratio"": 0.7}"
separated,size/aspect mismatch,aa894e58-e4d8-446a-a5f0-69b0600d03a1-object-0001 | aa894e58-e4d8-446a-a5f0-69b0600d03a1-object-0006,9978d2a2-6017-5348-b3e4-54318380a8f0 | 16c70c74-caab-5a7f-af06-6b71a5a4855a,cardboard | plastic,0.9593 | 0.7522,"[""1""] | [""22""]",0-94 | 154-173,"[0.000112, 0.0, 0.999608, 0.99892] | [0.195801, 0.199486, 0.339554, 0.279785]",False,0,60,0.3469,0.0084,,,0.138,0.0774,0.5581,0.3028,appearance compared successfully,0.6265,False,False,,"{""appearance_similarity"": 0.82, ""center_distance"": 0.18, ""iou"": 0.08, ""max_gap"": 90, ""max_overlap_frames"": 5, ""meaningful_overlap_frames"": 12, ""min_appearance_similarity"": 0.45, ""overlap_iou"": 0.3, ""size_ratio"": 0.65, ""strong_center_distance"": 0.12, ""strong_overlap_iou"": 0.9, ""strong_overlap_max_frames"": 10, ""strong_size_ratio"": 0.7}"
separated,size/aspect mismatch,aa894e58-e4d8-446a-a5f0-69b0600d03a1-object-0001 | aa894e58-e4d8-446a-a5f0-69b0600d03a1-object-0007,9978d2a2-6017-5348-b3e4-54318380a8f0 | 9e371ee9-be8d-5636-9889-071ffa3f4cc4,cardboard | cardboard,0.9593 | 0.9281,"[""1""] | [""26"", ""42""]",0-94 | 158-301,"[0.000112, 0.0, 0.999608, 0.99892] | [0.335834, 0.723128, 0.58891, 0.94547]",False,0,64,0.4786,0.0077,,,0.2863,0.1781,0.5618,0.9926,appearance compared successfully,0.676,False,False,,"{""appearance_similarity"": 0.82, ""center_distance"": 0.18, ""iou"": 0.08, ""max_gap"": 90, ""max_overlap_frames"": 5, ""meaningful_overlap_frames"": 12, ""min_appearance_similarity"": 0.45, ""overlap_iou"": 0.3, ""size_ratio"": 0.65, ""strong_center_distance"": 0.12, ""strong_overlap_iou"": 0.9, ""strong_overlap_max_frames"": 10, ""strong_size_ratio"": 0.7}"
separated,size/aspect mismatch,aa894e58-e4d8-446a-a5f0-69b0600d03a1-object-0001 | aa894e58-e4d8-446a-a5f0-69b0600d03a1-object-0008,9978d2a2-6017-5348-b3e4-54318380a8f0 | 1dea76dd-dad1-5662-89fb-610ee65f1e31,cardboard | plastic,0.9593 | 0.7023,"[""1""] | [""28"", ""33"", ""46""]",0-94 | 167-301,"[0.000112, 0.0, 0.999608, 0.99892] | [0.286432, 0.371353, 0.632567, 0.660795]",False,0,73,0.2508,0.0868,,,0.3712,0.3161,0.8409,0.3149,appearance compared successfully,0.5854,False,False,,"{""appearance_similarity"": 0.82, ""center_distance"": 0.18, ""iou"": 0.08, ""max_gap"": 90, ""max_overlap_frames"": 5, ""meaningful_overlap_frames"": 12, ""min_appearance_similarity"": 0.45, ""overlap_iou"": 0.3, ""size_ratio"": 0.65, ""strong_center_distance"": 0.12, ""strong_overlap_iou"": 0.9, ""strong_overlap_max_frames"": 10, ""strong_size_ratio"": 0.7}"
separated,temporal gap 100 exceeds 90,aa894e58-e4d8-446a-a5f0-69b0600d03a1-object-0001 | aa894e58-e4d8-446a-a5f0-69b0600d03a1-object-0009,9978d2a2-6017-5348-b3e4-54318380a8f0 | e76a7eb7-78f4-51cb-9b45-8e2136a6769b,cardboard | plastic,0.9593 | 0.8253,"[""1""] | [""35"", ""37""]",0-94 | 194-299,"[0.000112, 0.0, 0.999608, 0.99892] | [0.073478, 0.923937, 0.341892, 0.999582]",False,0,100,0.5537,0.0188,,,0.2074,0.0679,0.3265,0.3028,appearance compared successfully,0.5285,False,False,,"{""appearance_similarity"": 0.82, ""center_distance"": 0.18, ""iou"": 0.08, ""max_gap"": 90, ""max_overlap_frames"": 5, ""meaningful_overlap_frames"": 12, ""min_appearance_similarity"": 0.45, ""overlap_iou"": 0.3, ""size_ratio"": 0.65, ""strong_center_distance"": 0.12, ""strong_overlap_iou"": 0.9, ""strong_overlap_max_frames"": 10, ""strong_size_ratio"": 0.7}"
separated,temporal gap 130 exceeds 90,aa894e58-e4d8-446a-a5f0-69b0600d03a1-object-0001 | aa894e58-e4d8-446a-a5f0-69b0600d03a1-object-0010,9978d2a2-6017-5348-b3e4-54318380a8f0 | 5c409e53-6f25-5f9a-a851-aa8aa7cce794,cardboard | cardboard,0.9593 | 0.4171,"[""1""] | [""38"", ""39""]",0-94 | 224-231,"[0.000112, 0.0, 0.999608, 0.99892] | [0.282319, 0.356168, 0.634773, 0.648162]",False,0,130,0.0413,0.1031,,,0.3512,0.2922,0.8321,0.9525,appearance compared successfully,0.5867,False,False,,"{""appearance_similarity"": 0.82, ""center_distance"": 0.18, ""iou"": 0.08, ""max_gap"": 90, ""max_overlap_frames"": 5, ""meaningful_overlap_frames"": 12, ""min_appearance_similarity"": 0.45, ""overlap_iou"": 0.3, ""size_ratio"": 0.65, ""strong_center_distance"": 0.12, ""strong_overlap_iou"": 0.9, ""strong_overlap_max_frames"": 10, ""strong_size_ratio"": 0.7}"
separated,temporal gap 141 exceeds 90,aa894e58-e4d8-446a-a5f0-69b0600d03a1-object-0001 | aa894e58-e4d8-446a-a5f0-69b0600d03a1-object-0011,9978d2a2-6017-5348-b3e4-54318380a8f0 | bdc32c7f-2040-5063-85fc-f582b42bff6e,cardboard | cardboard,0.9593 | 0.6382,"[""1""] | [""40""]",0-94 | 235-239,"[0.000112, 0.0, 0.999608, 0.99892] | [0.354298, 0.624363, 0.595239, 0.80584]",False,0,141,0.2209,0.0447,,,0.2404,0.181,0.7529,0.9518,appearance compared successfully,0.6475,False,False,,"{""appearance_similarity"": 0.82, ""center_distance"": 0.18, ""iou"": 0.08, ""max_gap"": 90, ""max_overlap_frames"": 5, ""meaningful_overlap_frames"": 12, ""min_appearance_similarity"": 0.45, ""overlap_iou"": 0.3, ""size_ratio"": 0.65, ""strong_center_distance"": 0.12, ""strong_overlap_iou"": 0.9, ""strong_overlap_max_frames"": 10, ""strong_size_ratio"": 0.7}"
separated,simultaneous low-IoU boxes for 67 frames,aa894e58-e4d8-446a-a5f0-69b0600d03a1-object-0002 | aa894e58-e4d8-446a-a5f0-69b0600d03a1-object-0003,6d78f2ab-b633-5385-a9f3-1bed91099431 | 2f31120a-78f3-5941-bdb0-10e521d54923,metal | plastic,0.7054 | 0.7921,"[""3"", ""5""] | [""10"", ""23""]",49-174 | 104-170,"[0.42245, 0.478037, 0.904651, 0.567147] | [0.152403, 0.000518, 0.499877, 0.10817]",True,67,0,0.1551,0.2417,0.0,0.0,0.911,0.5472,0.8537,0.2637,appearance compared successfully,0.5411,True,False,,"{""appearance_similarity"": 0.82, ""center_distance"": 0.18, ""iou"": 0.08, ""max_gap"": 90, ""max_overlap_frames"": 5, ""meaningful_overlap_frames"": 12, ""min_appearance_similarity"": 0.45, ""overlap_iou"": 0.3, ""size_ratio"": 0.65, ""strong_center_distance"": 0.12, ""strong_overlap_iou"": 0.9, ""strong_overlap_max_frames"": 10, ""strong_size_ratio"": 0.7}"
separated,simultaneous low-IoU boxes for 30 frames,aa894e58-e4d8-446a-a5f0-69b0600d03a1-object-0002 | aa894e58-e4d8-446a-a5f0-69b0600d03a1-object-0004,6d78f2ab-b633-5385-a9f3-1bed91099431 | 4d2f42ba-27c6-515e-a89e-5c51463b80a9,metal | plastic,0.7054 | 0.4667,"[""3"", ""5""] | [""11""]",49-174 | 111-140,"[0.42245, 0.478037, 0.904651, 0.567147] | [0.238957, 0.670522, 0.942991, 0.99131]",True,30,0,0.7285,0.0,0.0,0.0,0.4675,0.2923,0.6328,0.2508,appearance compared successfully,0.4885,True,False,,"{""appearance_similarity"": 0.82, ""center_distance"": 0.18, ""iou"": 0.08, ""max_gap"": 90, ""max_overlap_frames"": 5, ""meaningful_overlap_frames"": 12, ""min_appearance_similarity"": 0.45, ""overlap_iou"": 0.3, ""size_ratio"": 0.65, ""strong_center_distance"": 0.12, ""strong_overlap_iou"": 0.9, ""strong_overlap_max_frames"": 10, ""strong_size_ratio"": 0.7}"
separated,temporal overlap 10 exceeds 5,aa894e58-e4d8-446a-a5f0-69b0600d03a1-object-0002 | aa894e58-e4d8-446a-a5f0-69b0600d03a1-object-0005,6d78f2ab-b633-5385-a9f3-1bed91099431 | 0e73ec90-0d86-58d3-ae3b-15c0b901852a,metal | cardboard,0.7054 | 0.6919,"[""3"", ""5""] | [""12"", ""13""]",49-174 | 119-128,"[0.42245, 0.478037, 0.904651, 0.567147] | [0.168886, 0.000352, 0.606813, 0.2273]",True,10,0,0.1321,0.318,0.0,0.0,0.7391,0.3845,0.5294,0.1133,appearance compared successfully,0.6127,False,False,,"{""appearance_similarity"": 0.82, ""center_distance"": 0.18, ""iou"": 0.08, ""max_gap"": 90, ""max_overlap_frames"": 5, ""meaningful_overlap_frames"": 12, ""min_appearance_similarity"": 0.45, ""overlap_iou"": 0.3, ""size_ratio"": 0.65, ""strong_center_distance"": 0.12, ""strong_overlap_iou"": 0.9, ""strong_overlap_max_frames"": 10, ""strong_size_ratio"": 0.7}"
separated,simultaneous low-IoU boxes for 20 frames,aa894e58-e4d8-446a-a5f0-69b0600d03a1-object-0002 | aa894e58-e4d8-446a-a5f0-69b0600d03a1-object-0006,6d78f2ab-b633-5385-a9f3-1bed91099431 | 16c70c74-caab-5a7f-af06-6b71a5a4855a,metal | plastic,0.7054 | 0.7522,"[""3"", ""5""] | [""22""]",49-174 | 154-173,"[0.42245, 0.478037, 0.904651, 0.567147] | [0.195801, 0.199486, 0.339554, 0.279785]",True,20,0,0.3084,0.0,0.0113,0.0354,0.4091,0.7931,0.5244,0.2821,appearance compared successfully,0.4795,True,False,,"{""appearance_similarity"": 0.82, ""center_distance"": 0.18, ""iou"": 0.08, ""max_gap"": 90, ""max_overlap_frames"": 5, ""meaningful_overlap_frames"": 12, ""min_appearance_similarity"": 0.45, ""overlap_iou"": 0.3, ""size_ratio"": 0.65, ""strong_center_distance"": 0.12, ""strong_overlap_iou"": 0.9, ""strong_overlap_max_frames"": 10, ""strong_size_ratio"": 0.7}"
separated,simultaneous low-IoU boxes for 17 frames,aa894e58-e4d8-446a-a5f0-69b0600d03a1-object-0002 | aa894e58-e4d8-446a-a5f0-69b0600d03a1-object-0007,6d78f2ab-b633-5385-a9f3-1bed91099431 | 9e371ee9-be8d-5636-9889-071ffa3f4cc4,metal | cardboard,0.7054 | 0.9281,"[""3"", ""5""] | [""26"", ""42""]",49-174 | 158-301,"[0.42245, 0.478037, 0.904651, 0.567147] | [0.335834, 0.723128, 0.58891, 0.94547]",True,17,0,0.8746,0.0,0.0,0.0,0.8487,0.5477,0.521,0.1163,appearance compared successfully,0.6425,True,False,,"{""appearance_similarity"": 0.82, ""center_distance"": 0.18, ""iou"": 0.08, ""max_gap"": 90, ""max_overlap_frames"": 5, ""meaningful_overlap_frames"": 12, ""min_appearance_similarity"": 0.45, ""overlap_iou"": 0.3, ""size_ratio"": 0.65, ""strong_center_distance"": 0.12, ""strong_overlap_iou"": 0.9, ""strong_overlap_max_frames"": 10, ""strong_size_ratio"": 0.7}"
separated,temporal overlap 8 exceeds 5,aa894e58-e4d8-446a-a5f0-69b0600d03a1-object-0002 | aa894e58-e4d8-446a-a5f0-69b0600d03a1-object-0008,6d78f2ab-b633-5385-a9f3-1bed91099431 | 1dea76dd-dad1-5662-89fb-610ee65f1e31,metal | plastic,0.7054 | 0.7023,"[""3"", ""5""] | [""28"", ""33"", ""46""]",49-174 | 167-301,"[0.42245, 0.478037, 0.904651, 0.567147] | [0.286432, 0.371353, 0.632567, 0.660795]",True,8,0,0.6486,0.0,0.0,0.0,0.9089,0.3086,0.3481,0.282,appearance compared successfully,0.6648,False,False,,"{""appearance_similarity"": 0.82, ""center_distance"": 0.18, ""iou"": 0.08, ""max_gap"": 90, ""max_overlap_frames"": 5, ""meaningful_overlap_frames"": 12, ""min_appearance_similarity"": 0.45, ""overlap_iou"": 0.3, ""size_ratio"": 0.65, ""strong_center_distance"": 0.12, ""strong_overlap_iou"": 0.9, ""strong_overlap_max_frames"": 10, ""strong_size_ratio"": 0.7}"
separated,size/aspect mismatch,aa894e58-e4d8-446a-a5f0-69b0600d03a1-object-0002 | aa894e58-e4d8-446a-a5f0-69b0600d03a1-object-0009,6d78f2ab-b633-5385-a9f3-1bed91099431 | e76a7eb7-78f4-51cb-9b45-8e2136a6769b,metal | plastic,0.7054 | 0.8253,"[""3"", ""5""] | [""35"", ""37""]",49-174 | 194-299,"[0.42245, 0.478037, 0.904651, 0.567147] | [0.073478, 0.923937, 0.341892, 0.999582]",False,0,20,0.9256,0.0,,,0.615,0.6963,0.8964,0.2821,appearance compared successfully,0.5146,False,False,,"{""appearance_similarity"": 0.82, ""center_distance"": 0.18, ""iou"": 0.08, ""max_gap"": 90, ""max_overlap_frames"": 5, ""meaningful_overlap_frames"": 12, ""min_appearance_similarity"": 0.45, ""overlap_iou"": 0.3, ""size_ratio"": 0.65, ""strong_center_distance"": 0.12, ""strong_overlap_iou"": 0.9, ""strong_overlap_max_frames"": 10, ""strong_size_ratio"": 0.7}"
separated,size/aspect mismatch,aa894e58-e4d8-446a-a5f0-69b0600d03a1-object-0002 | aa894e58-e4d8-446a-a5f0-69b0600d03a1-object-0010,6d78f2ab-b633-5385-a9f3-1bed91099431 | 5c409e53-6f25-5f9a-a851-aa8aa7cce794,metal | cardboard,0.7054 | 0.4171,"[""3"", ""5""] | [""38"", ""39""]",49-174 | 224-231,"[0.42245, 0.478037, 0.904651, 0.567147] | [0.282319, 0.356168, 0.634773, 0.648162]",False,0,50,0.4069,0.0,,,0.9605,0.3338,0.3518,0.0,appearance compared successfully,0.6737,False,False,,"{""appearance_similarity"": 0.82, ""center_distance"": 0.18, ""iou"": 0.08, ""max_gap"": 90, ""max_overlap_frames"": 5, ""meaningful_overlap_frames"": 12, ""min_appearance_similarity"": 0.45, ""overlap_iou"": 0.3, ""size_ratio"": 0.65, ""strong_center_distance"": 0.12, ""strong_overlap_iou"": 0.9, ""strong_overlap_max_frames"": 10, ""strong_size_ratio"": 0.7}"
separated,size/aspect mismatch,aa894e58-e4d8-446a-a5f0-69b0600d03a1-object-0002 | aa894e58-e4d8-446a-a5f0-69b0600d03a1-object-0011,6d78f2ab-b633-5385-a9f3-1bed91099431 | bdc32c7f-2040-5063-85fc-f582b42bff6e,metal | cardboard,0.7054 | 0.6382,"[""3"", ""5""] | [""40""]",49-174 | 235-239,"[0.42245, 0.478037, 0.904651, 0.567147] | [0.354298, 0.624363, 0.595239, 0.80584]",False,0,61,0.6188,0.0,,,0.7128,0.5389,0.3888,0.1634,appearance compared successfully,0.6817,False,False,,"{""appearance_similarity"": 0.82, ""center_distance"": 0.18, ""iou"": 0.08, ""max_gap"": 90, ""max_overlap_frames"": 5, ""meaningful_overlap_frames"": 12, ""min_appearance_similarity"": 0.45, ""overlap_iou"": 0.3, ""size_ratio"": 0.65, ""strong_center_distance"": 0.12, ""strong_overlap_iou"": 0.9, ""strong_overlap_max_frames"": 10, ""strong_size_ratio"": 0.7}"
separated,simultaneous low-IoU boxes for 30 frames,aa894e58-e4d8-446a-a5f0-69b0600d03a1-object-0003 | aa894e58-e4d8-446a-a5f0-69b0600d03a1-object-0004,2f31120a-78f3-5941-bdb0-10e521d54923 | 4d2f42ba-27c6-515e-a89e-5c51463b80a9,plastic | plastic,0.7921 | 0.4667,"[""10"", ""23""] | [""11""]",104-170 | 111-140,"[0.152403, 0.000518, 0.499877, 0.10817] | [0.238957, 0.670522, 0.942991, 0.99131]",True,30,0,0.8738,0.0,0.0,0.0,0.5132,0.5341,0.7412,0.8596,appearance compared successfully,0.5309,True,False,,"{""appearance_similarity"": 0.82, ""center_distance"": 0.18, ""iou"": 0.08, ""max_gap"": 90, ""max_overlap_frames"": 5, ""meaningful_overlap_frames"": 12, ""min_appearance_similarity"": 0.45, ""overlap_iou"": 0.3, ""size_ratio"": 0.65, ""strong_center_distance"": 0.12, ""strong_overlap_iou"": 0.9, ""strong_overlap_max_frames"": 10, ""strong_size_ratio"": 0.7}"
separated,temporal overlap 10 exceeds 5,aa894e58-e4d8-446a-a5f0-69b0600d03a1-object-0003 | aa894e58-e4d8-446a-a5f0-69b0600d03a1-object-0005,2f31120a-78f3-5941-bdb0-10e521d54923 | 0e73ec90-0d86-58d3-ae3b-15c0b901852a,plastic | cardboard,0.7921 | 0.6919,"[""10"", ""23""] | [""12"", ""13""]",104-170 | 119-128,"[0.152403, 0.000518, 0.499877, 0.10817] | [0.168886, 0.000352, 0.606813, 0.2273]",True,10,0,0.1852,0.0431,0.8608,0.8933,0.8113,0.7027,0.6202,0.7007,appearance compared successfully,0.4587,False,False,,"{""appearance_similarity"": 0.82, ""center_distance"": 0.18, ""iou"": 0.08, ""max_gap"": 90, ""max_overlap_frames"": 5, ""meaningful_overlap_frames"": 12, ""min_appearance_similarity"": 0.45, ""overlap_iou"": 0.3, ""size_ratio"": 0.65, ""strong_center_distance"": 0.12, ""strong_overlap_iou"": 0.9, ""strong_overlap_max_frames"": 10, ""strong_size_ratio"": 0.7}"
separated,simultaneous low-IoU boxes for 17 frames,aa894e58-e4d8-446a-a5f0-69b0600d03a1-object-0003 | aa894e58-e4d8-446a-a5f0-69b0600d03a1-object-0006,2f31120a-78f3-5941-bdb0-10e521d54923 | 16c70c74-caab-5a7f-af06-6b71a5a4855a,plastic | plastic,0.7921 | 0.7522,"[""10"", ""23""] | [""22""]",104-170 | 154-173,"[0.152403, 0.000518, 0.499877, 0.10817] | [0.195801, 0.199486, 0.339554, 0.279785]",True,17,0,0.2291,0.0,0.0,0.0,0.3727,0.434,0.6143,0.9348,appearance compared successfully,0.4525,True,False,,"{""appearance_similarity"": 0.82, ""center_distance"": 0.18, ""iou"": 0.08, ""max_gap"": 90, ""max_overlap_frames"": 5, ""meaningful_overlap_frames"": 12, ""min_appearance_similarity"": 0.45, ""overlap_iou"": 0.3, ""size_ratio"": 0.65, ""strong_center_distance"": 0.12, ""strong_overlap_iou"": 0.9, ""strong_overlap_max_frames"": 10, ""strong_size_ratio"": 0.7}"
separated,simultaneous low-IoU boxes for 13 frames,aa894e58-e4d8-446a-a5f0-69b0600d03a1-object-0003 | aa894e58-e4d8-446a-a5f0-69b0600d03a1-object-0007,2f31120a-78f3-5941-bdb0-10e521d54923 | 9e371ee9-be8d-5636-9889-071ffa3f4cc4,plastic | cardboard,0.7921 | 0.9281,"[""10"", ""23""] | [""26"", ""42""]",104-170 | 158-301,"[0.152403, 0.000518, 0.499877, 0.10817] | [0.335834, 0.723128, 0.58891, 0.94547]",True,13,0,0.9916,0.0,0.0,0.0,0.7732,0.999,0.6103,0.709,appearance compared successfully,0.6395,True,False,,"{""appearance_similarity"": 0.82, ""center_distance"": 0.18, ""iou"": 0.08, ""max_gap"": 90, ""max_overlap_frames"": 5, ""meaningful_overlap_frames"": 12, ""min_appearance_similarity"": 0.45, ""overlap_iou"": 0.3, ""size_ratio"": 0.65, ""strong_center_distance"": 0.12, ""strong_overlap_iou"": 0.9, ""strong_overlap_max_frames"": 10, ""strong_size_ratio"": 0.7}"
separated,size/aspect mismatch,aa894e58-e4d8-446a-a5f0-69b0600d03a1-object-0003 | aa894e58-e4d8-446a-a5f0-69b0600d03a1-object-0008,2f31120a-78f3-5941-bdb0-10e521d54923 | 1dea76dd-dad1-5662-89fb-610ee65f1e31,plastic | plastic,0.7921 | 0.7023,"[""10"", ""23""] | [""28"", ""33"", ""46""]",104-170 | 167-301,"[0.152403, 0.000518, 0.499877, 0.10817] | [0.286432, 0.371353, 0.632567, 0.660795]",True,4,0,0.7639,0.0,0.0,0.0,0.9976,0.564,0.4077,0.9392,appearance compared successfully,0.539,False,False,,"{""appearance_similarity"": 0.82, ""center_distance"": 0.18, ""iou"": 0.08, ""max_gap"": 90, ""max_overlap_frames"": 5, ""meaningful_overlap_frames"": 12, ""min_appearance_similarity"": 0.45, ""overlap_iou"": 0.3, ""size_ratio"": 0.65, ""strong_center_distance"": 0.12, ""strong_overlap_iou"": 0.9, ""strong_overlap_max_frames"": 10, ""strong_size_ratio"": 0.7}"
separated,size/aspect mismatch,aa894e58-e4d8-446a-a5f0-69b0600d03a1-object-0003 | aa894e58-e4d8-446a-a5f0-69b0600d03a1-object-0009,2f31120a-78f3-5941-bdb0-10e521d54923 | e76a7eb7-78f4-51cb-9b45-8e2136a6769b,plastic | plastic,0.7921 | 0.8253,"[""10"", ""23""] | [""35"", ""37""]",104-170 | 194-299,"[0.152403, 0.000518, 0.499877, 0.10817] | [0.073478, 0.923937, 0.341892, 0.999582]",False,0,24,0.9519,0.0,,,0.5603,0.381,0.9524,0.9348,appearance compared successfully,0.5356,False,False,,"{""appearance_similarity"": 0.82, ""center_distance"": 0.18, ""iou"": 0.08, ""max_gap"": 90, ""max_overlap_frames"": 5, ""meaningful_overlap_frames"": 12, ""min_appearance_similarity"": 0.45, ""overlap_iou"": 0.3, ""size_ratio"": 0.65, ""strong_center_distance"": 0.12, ""strong_overlap_iou"": 0.9, ""strong_overlap_max_frames"": 10, ""strong_size_ratio"": 0.7}"
separated,size/aspect mismatch,aa894e58-e4d8-446a-a5f0-69b0600d03a1-object-0003 | aa894e58-e4d8-446a-a5f0-69b0600d03a1-object-0010,2f31120a-78f3-5941-bdb0-10e521d54923 | 5c409e53-6f25-5f9a-a851-aa8aa7cce794,plastic | cardboard,0.7921 | 0.4171,"[""10"", ""23""] | [""38"", ""39""]",104-170 | 224-231,"[0.152403, 0.000518, 0.499877, 0.10817] | [0.282319, 0.356168, 0.634773, 0.648162]",False,0,54,0.5195,0.0,,,0.9485,0.6101,0.412,0.3552,appearance compared successfully,0.5402,False,False,,"{""appearance_similarity"": 0.82, ""center_distance"": 0.18, ""iou"": 0.08, ""max_gap"": 90, ""max_overlap_frames"": 5, ""meaningful_overlap_frames"": 12, ""min_appearance_similarity"": 0.45, ""overlap_iou"": 0.3, ""size_ratio"": 0.65, ""strong_center_distance"": 0.12, ""strong_overlap_iou"": 0.9, ""strong_overlap_max_frames"": 10, ""strong_size_ratio"": 0.7}"
separated,size/aspect mismatch,aa894e58-e4d8-446a-a5f0-69b0600d03a1-object-0003 | aa894e58-e4d8-446a-a5f0-69b0600d03a1-object-0011,2f31120a-78f3-5941-bdb0-10e521d54923 | bdc32c7f-2040-5063-85fc-f582b42bff6e,plastic | cardboard,0.7921 | 0.6382,"[""10"", ""23""] | [""40""]",104-170 | 235-239,"[0.152403, 0.000518, 0.499877, 0.10817] | [0.354298, 0.624363, 0.595239, 0.80584]",False,0,65,0.731,0.0,,,0.6494,0.9848,0.4554,0.8309,appearance compared successfully,0.6436,False,False,,"{""appearance_similarity"": 0.82, ""center_distance"": 0.18, ""iou"": 0.08, ""max_gap"": 90, ""max_overlap_frames"": 5, ""meaningful_overlap_frames"": 12, ""min_appearance_similarity"": 0.45, ""overlap_iou"": 0.3, ""size_ratio"": 0.65, ""strong_center_distance"": 0.12, ""strong_overlap_iou"": 0.9, ""strong_overlap_max_frames"": 10, ""strong_size_ratio"": 0.7}"
separated,temporal overlap 10 exceeds 5,aa894e58-e4d8-446a-a5f0-69b0600d03a1-object-0004 | aa894e58-e4d8-446a-a5f0-69b0600d03a1-object-0005,4d2f42ba-27c6-515e-a89e-5c51463b80a9 | 0e73ec90-0d86-58d3-ae3b-15c0b901852a,plastic | cardboard,0.4667 | 0.6919,"[""11""] | [""12"", ""13""]",111-140 | 119-128,"[0.238957, 0.670522, 0.942991, 0.99131] | [0.168886, 0.000352, 0.606813, 0.2273]",True,10,0,0.4754,0.0,0.0,0.0,0.6326,0.7601,0.8367,0.4307,appearance compared successfully,0.5665,False,False,,"{""appearance_similarity"": 0.82, ""center_distance"": 0.18, ""iou"": 0.08, ""max_gap"": 90, ""max_overlap_frames"": 5, ""meaningful_overlap_frames"": 12, ""min_appearance_similarity"": 0.45, ""overlap_iou"": 0.3, ""size_ratio"": 0.65, ""strong_center_distance"": 0.12, ""strong_overlap_iou"": 0.9, ""strong_overlap_max_frames"": 10, ""strong_size_ratio"": 0.7}"
separated,size/aspect mismatch,aa894e58-e4d8-446a-a5f0-69b0600d03a1-object-0004 | aa894e58-e4d8-446a-a5f0-69b0600d03a1-object-0006,4d2f42ba-27c6-515e-a89e-5c51463b80a9 | 16c70c74-caab-5a7f-af06-6b71a5a4855a,plastic | plastic,0.4667 | 0.7522,"[""11""] | [""22""]",111-140 | 154-173,"[0.238957, 0.670522, 0.942991, 0.99131] | [0.195801, 0.199486, 0.339554, 0.279785]",False,0,14,0.4455,0.0,,,0.1913,0.2318,0.8288,0.889,appearance compared successfully,0.6778,False,False,,"{""appearance_similarity"": 0.82, ""center_distance"": 0.18, ""iou"": 0.08, ""max_gap"": 90, ""max_overlap_frames"": 5, ""meaningful_overlap_frames"": 12, ""min_appearance_similarity"": 0.45, ""overlap_iou"": 0.3, ""size_ratio"": 0.65, ""strong_center_distance"": 0.12, ""strong_overlap_iou"": 0.9, ""strong_overlap_max_frames"": 10, ""strong_size_ratio"": 0.7}"
separated,size/aspect mismatch,aa894e58-e4d8-446a-a5f0-69b0600d03a1-object-0004 | aa894e58-e4d8-446a-a5f0-69b0600d03a1-object-0007,4d2f42ba-27c6-515e-a89e-5c51463b80a9 | 9e371ee9-be8d-5636-9889-071ffa3f4cc4,plastic | cardboard,0.4667 | 0.9281,"[""11""] | [""26"", ""42""]",111-140 | 158-301,"[0.238957, 0.670522, 0.942991, 0.99131] | [0.335834, 0.723128, 0.58891, 0.94547]",False,0,18,0.3755,0.0,,,0.3968,0.5336,0.8233,0.4397,appearance compared successfully,0.5913,False,False,,"{""appearance_similarity"": 0.82, ""center_distance"": 0.18, ""iou"": 0.08, ""max_gap"": 90, ""max_overlap_frames"": 5, ""meaningful_overlap_frames"": 12, ""min_appearance_similarity"": 0.45, ""overlap_iou"": 0.3, ""size_ratio"": 0.65, ""strong_center_distance"": 0.12, ""strong_overlap_iou"": 0.9, ""strong_overlap_max_frames"": 10, ""strong_size_ratio"": 0.7}"
separated,size/aspect mismatch,aa894e58-e4d8-446a-a5f0-69b0600d03a1-object-0004 | aa894e58-e4d8-446a-a5f0-69b0600d03a1-object-0008,4d2f42ba-27c6-515e-a89e-5c51463b80a9 | 1dea76dd-dad1-5662-89fb-610ee65f1e31,plastic | plastic,0.4667 | 0.7023,"[""11""] | [""28"", ""33"", ""46""]",111-140 | 167-301,"[0.238957, 0.670522, 0.942991, 0.99131] | [0.286432, 0.371353, 0.632567, 0.660795]",False,0,27,0.1535,0.1814,,,0.5144,0.947,0.5501,0.8899,appearance compared successfully,0.6018,False,False,,"{""appearance_similarity"": 0.82, ""center_distance"": 0.18, ""iou"": 0.08, ""max_gap"": 90, ""max_overlap_frames"": 5, ""meaningful_overlap_frames"": 12, ""min_appearance_similarity"": 0.45, ""overlap_iou"": 0.3, ""size_ratio"": 0.65, ""strong_center_distance"": 0.12, ""strong_overlap_iou"": 0.9, ""strong_overlap_max_frames"": 10, ""strong_size_ratio"": 0.7}"
separated,size/aspect mismatch,aa894e58-e4d8-446a-a5f0-69b0600d03a1-object-0004 | aa894e58-e4d8-446a-a5f0-69b0600d03a1-object-0009,4d2f42ba-27c6-515e-a89e-5c51463b80a9 | e76a7eb7-78f4-51cb-9b45-8e2136a6769b,plastic | plastic,0.4667 | 0.8253,"[""11""] | [""35"", ""37""]",111-140 | 194-299,"[0.238957, 0.670522, 0.942991, 0.99131] | [0.073478, 0.923937, 0.341892, 0.999582]",False,0,54,0.4904,0.0,,,0.2875,0.2035,0.7059,0.889,appearance compared successfully,0.6378,False,False,,"{""appearance_similarity"": 0.82, ""center_distance"": 0.18, ""iou"": 0.08, ""max_gap"": 90, ""max_overlap_frames"": 5, ""meaningful_overlap_frames"": 12, ""min_appearance_similarity"": 0.45, ""overlap_iou"": 0.3, ""size_ratio"": 0.65, ""strong_center_distance"": 0.12, ""strong_overlap_iou"": 0.9, ""strong_overlap_max_frames"": 10, ""strong_size_ratio"": 0.7}"
separated,size/aspect mismatch,aa894e58-e4d8-446a-a5f0-69b0600d03a1-object-0004 | aa894e58-e4d8-446a-a5f0-69b0600d03a1-object-0010,4d2f42ba-27c6-515e-a89e-5c51463b80a9 | 5c409e53-6f25-5f9a-a851-aa8aa7cce794,plastic | cardboard,0.4667 | 0.4171,"[""11""] | [""38"", ""39""]",111-140 | 224-231,"[0.238957, 0.670522, 0.942991, 0.99131] | [0.282319, 0.356168, 0.634773, 0.648162]",False,0,84,0.1229,0.286,,,0.4868,0.8756,0.5559,0.0803,appearance compared successfully,0.6015,False,False,,"{""appearance_similarity"": 0.82, ""center_distance"": 0.18, ""iou"": 0.08, ""max_gap"": 90, ""max_overlap_frames"": 5, ""meaningful_overlap_frames"": 12, ""min_appearance_similarity"": 0.45, ""overlap_iou"": 0.3, ""size_ratio"": 0.65, ""strong_center_distance"": 0.12, ""strong_overlap_iou"": 0.9, ""strong_overlap_max_frames"": 10, ""strong_size_ratio"": 0.7}"
separated,temporal gap 95 exceeds 90,aa894e58-e4d8-446a-a5f0-69b0600d03a1-object-0004 | aa894e58-e4d8-446a-a5f0-69b0600d03a1-object-0011,4d2f42ba-27c6-515e-a89e-5c51463b80a9 | bdc32c7f-2040-5063-85fc-f582b42bff6e,plastic | cardboard,0.4667 | 0.6382,"[""11""] | [""40""]",111-140 | 235-239,"[0.238957, 0.670522, 0.942991, 0.99131] | [0.354298, 0.624363, 0.595239, 0.80584]",False,0,95,0.1285,0.1413,,,0.3332,0.5424,0.6144,0.5804,appearance compared successfully,0.6063,False,False,,"{""appearance_similarity"": 0.82, ""center_distance"": 0.18, ""iou"": 0.08, ""max_gap"": 90, ""max_overlap_frames"": 5, ""meaningful_overlap_frames"": 12, ""min_appearance_similarity"": 0.45, ""overlap_iou"": 0.3, ""size_ratio"": 0.65, ""strong_center_distance"": 0.12, ""strong_overlap_iou"": 0.9, ""strong_overlap_max_frames"": 10, ""strong_size_ratio"": 0.7}"
separated,size/aspect mismatch,aa894e58-e4d8-446a-a5f0-69b0600d03a1-object-0005 | aa894e58-e4d8-446a-a5f0-69b0600d03a1-object-0006,0e73ec90-0d86-58d3-ae3b-15c0b901852a | 16c70c74-caab-5a7f-af06-6b71a5a4855a,cardboard | plastic,0.6919 | 0.7522,"[""12"", ""13""] | [""22""]",119-128 | 154-173,"[0.168886, 0.000352, 0.606813, 0.2273] | [0.195801, 0.199486, 0.339554, 0.279785]",False,0,26,0.177,0.0218,,,0.3024,0.305,0.9905,0.4017,appearance compared successfully,0.6607,False,False,,"{""appearance_similarity"": 0.82, ""center_distance"": 0.18, ""iou"": 0.08, ""max_gap"": 90, ""max_overlap_frames"": 5, ""meaningful_overlap_frames"": 12, ""min_appearance_similarity"": 0.45, ""overlap_iou"": 0.3, ""size_ratio"": 0.65, ""strong_center_distance"": 0.12, ""strong_overlap_iou"": 0.9, ""strong_overlap_max_frames"": 10, ""strong_size_ratio"": 0.7}"
separated,size/aspect mismatch,aa894e58-e4d8-446a-a5f0-69b0600d03a1-object-0005 | aa894e58-e4d8-446a-a5f0-69b0600d03a1-object-0007,0e73ec90-0d86-58d3-ae3b-15c0b901852a | 9e371ee9-be8d-5636-9889-071ffa3f4cc4,cardboard | cardboard,0.6919 | 0.9281,"[""12"", ""13""] | [""26"", ""42""]",119-128 | 158-301,"[0.168886, 0.000352, 0.606813, 0.2273] | [0.335834, 0.723128, 0.58891, 0.94547]",False,0,30,0.8733,0.0,,,0.6273,0.702,0.984,0.9999,appearance compared successfully,0.5314,False,False,,"{""appearance_similarity"": 0.82, ""center_distance"": 0.18, ""iou"": 0.08, ""max_gap"": 90, ""max_overlap_frames"": 5, ""meaningful_overlap_frames"": 12, ""min_appearance_similarity"": 0.45, ""overlap_iou"": 0.3, ""size_ratio"": 0.65, ""strong_center_distance"": 0.12, ""strong_overlap_iou"": 0.9, ""strong_overlap_max_frames"": 10, ""strong_size_ratio"": 0.7}"
separated,trajectory discontinuity,aa894e58-e4d8-446a-a5f0-69b0600d03a1-object-0005 | aa894e58-e4d8-446a-a5f0-69b0600d03a1-object-0008,0e73ec90-0d86-58d3-ae3b-15c0b901852a | 1dea76dd-dad1-5662-89fb-610ee65f1e31,cardboard | plastic,0.6919 | 0.7023,"[""12"", ""13""] | [""28"", ""33"", ""46""]",119-128 | 167-301,"[0.168886, 0.000352, 0.606813, 0.2273] | [0.286432, 0.371353, 0.632567, 0.660795]",False,0,39,0.6437,0.0,,,0.8132,0.8026,0.6575,0.4132,appearance compared successfully,0.4955,False,False,,"{""appearance_similarity"": 0.82, ""center_distance"": 0.18, ""iou"": 0.08, ""max_gap"": 90, ""max_overlap_frames"": 5, ""meaningful_overlap_frames"": 12, ""min_appearance_similarity"": 0.45, ""overlap_iou"": 0.3, ""size_ratio"": 0.65, ""strong_center_distance"": 0.12, ""strong_overlap_iou"": 0.9, ""strong_overlap_max_frames"": 10, ""strong_size_ratio"": 0.7}"
separated,size/aspect mismatch,aa894e58-e4d8-446a-a5f0-69b0600d03a1-object-0005 | aa894e58-e4d8-446a-a5f0-69b0600d03a1-object-0009,0e73ec90-0d86-58d3-ae3b-15c0b901852a | e76a7eb7-78f4-51cb-9b45-8e2136a6769b,cardboard | plastic,0.6919 | 0.8253,"[""12"", ""13""] | [""35"", ""37""]",119-128 | 194-299,"[0.168886, 0.000352, 0.606813, 0.2273] | [0.073478, 0.923937, 0.341892, 0.999582]",False,0,66,0.8699,0.0,,,0.4545,0.2677,0.5906,0.4017,appearance compared successfully,0.4827,False,False,,"{""appearance_similarity"": 0.82, ""center_distance"": 0.18, ""iou"": 0.08, ""max_gap"": 90, ""max_overlap_frames"": 5, ""meaningful_overlap_frames"": 12, ""min_appearance_similarity"": 0.45, ""overlap_iou"": 0.3, ""size_ratio"": 0.65, ""strong_center_distance"": 0.12, ""strong_overlap_iou"": 0.9, ""strong_overlap_max_frames"": 10, ""strong_size_ratio"": 0.7}"
separated,temporal gap 96 exceeds 90,aa894e58-e4d8-446a-a5f0-69b0600d03a1-object-0005 | aa894e58-e4d8-446a-a5f0-69b0600d03a1-object-0010,0e73ec90-0d86-58d3-ae3b-15c0b901852a | 5c409e53-6f25-5f9a-a851-aa8aa7cce794,cardboard | cardboard,0.6919 | 0.4171,"[""12"", ""13""] | [""38"", ""39""]",119-128 | 224-231,"[0.168886, 0.000352, 0.606813, 0.2273] | [0.282319, 0.356168, 0.634773, 0.648162]",False,0,96,0.3948,0.0,,,0.7695,0.8681,0.6644,0.9158,appearance compared successfully,0.504,False,False,,"{""appearance_similarity"": 0.82, ""center_distance"": 0.18, ""iou"": 0.08, ""max_gap"": 90, ""max_overlap_frames"": 5, ""meaningful_overlap_frames"": 12, ""min_appearance_similarity"": 0.45, ""overlap_iou"": 0.3, ""size_ratio"": 0.65, ""strong_center_distance"": 0.12, ""strong_overlap_iou"": 0.9, ""strong_overlap_max_frames"": 10, ""strong_size_ratio"": 0.7}"
separated,temporal gap 107 exceeds 90,aa894e58-e4d8-446a-a5f0-69b0600d03a1-object-0005 | aa894e58-e4d8-446a-a5f0-69b0600d03a1-object-0011,0e73ec90-0d86-58d3-ae3b-15c0b901852a | bdc32c7f-2040-5063-85fc-f582b42bff6e,cardboard | cardboard,0.6919 | 0.6382,"[""12"", ""13""] | [""40""]",119-128 | 235-239,"[0.168886, 0.000352, 0.606813, 0.2273] | [0.354298, 0.624363, 0.595239, 0.80584]",False,0,107,0.6114,0.0,,,0.5268,0.7136,0.7343,0.9792,appearance compared successfully,0.5557,False,False,,"{""appearance_similarity"": 0.82, ""center_distance"": 0.18, ""iou"": 0.08, ""max_gap"": 90, ""max_overlap_frames"": 5, ""meaningful_overlap_frames"": 12, ""min_appearance_similarity"": 0.45, ""overlap_iou"": 0.3, ""size_ratio"": 0.65, ""strong_center_distance"": 0.12, ""strong_overlap_iou"": 0.9, ""strong_overlap_max_frames"": 10, ""strong_size_ratio"": 0.7}"
separated,simultaneous low-IoU boxes for 16 frames,aa894e58-e4d8-446a-a5f0-69b0600d03a1-object-0006 | aa894e58-e4d8-446a-a5f0-69b0600d03a1-object-0007,16c70c74-caab-5a7f-af06-6b71a5a4855a | 9e371ee9-be8d-5636-9889-071ffa3f4cc4,plastic | cardboard,0.7522 | 0.9281,"[""22""] | [""26"", ""42""]",154-173 | 158-301,"[0.195801, 0.199486, 0.339554, 0.279785] | [0.335834, 0.723128, 0.58891, 0.94547]",True,16,0,0.7988,0.0,0.0,0.0,0.482,0.4344,0.9934,0.4123,appearance compared successfully,0.4369,True,False,,"{""appearance_similarity"": 0.82, ""center_distance"": 0.18, ""iou"": 0.08, ""max_gap"": 90, ""max_overlap_frames"": 5, ""meaningful_overlap_frames"": 12, ""min_appearance_similarity"": 0.45, ""overlap_iou"": 0.3, ""size_ratio"": 0.65, ""strong_center_distance"": 0.12, ""strong_overlap_iou"": 0.9, ""strong_overlap_max_frames"": 10, ""strong_size_ratio"": 0.7}"
separated,temporal overlap 7 exceeds 5,aa894e58-e4d8-446a-a5f0-69b0600d03a1-object-0006 | aa894e58-e4d8-446a-a5f0-69b0600d03a1-object-0008,16c70c74-caab-5a7f-af06-6b71a5a4855a | 1dea76dd-dad1-5662-89fb-610ee65f1e31,plastic | plastic,0.7522 | 0.7023,"[""22""] | [""28"", ""33"", ""46""]",154-173 | 167-301,"[0.195801, 0.199486, 0.339554, 0.279785] | [0.286432, 0.371353, 0.632567, 0.660795]",True,7,0,0.5767,0.0,0.0,0.0,0.3718,0.2448,0.6637,0.9999,appearance compared successfully,0.495,False,False,,"{""appearance_similarity"": 0.82, ""center_distance"": 0.18, ""iou"": 0.08, ""max_gap"": 90, ""max_overlap_frames"": 5, ""meaningful_overlap_frames"": 12, ""min_appearance_similarity"": 0.45, ""overlap_iou"": 0.3, ""size_ratio"": 0.65, ""strong_center_distance"": 0.12, ""strong_overlap_iou"": 0.9, ""strong_overlap_max_frames"": 10, ""strong_size_ratio"": 0.7}"
separated,size/aspect mismatch,aa894e58-e4d8-446a-a5f0-69b0600d03a1-object-0006 | aa894e58-e4d8-446a-a5f0-69b0600d03a1-object-0009,16c70c74-caab-5a7f-af06-6b71a5a4855a | e76a7eb7-78f4-51cb-9b45-8e2136a6769b,plastic | plastic,0.7522 | 0.8253,"[""22""] | [""35"", ""37""]",154-173 | 194-299,"[0.195801, 0.199486, 0.339554, 0.279785] | [0.073478, 0.923937, 0.341892, 0.999582]",False,0,21,0.7397,0.0,,,0.6652,0.8779,0.585,1.0,appearance compared successfully,0.5004,False,False,,"{""appearance_similarity"": 0.82, ""center_distance"": 0.18, ""iou"": 0.08, ""max_gap"": 90, ""max_overlap_frames"": 5, ""meaningful_overlap_frames"": 12, ""min_appearance_similarity"": 0.45, ""overlap_iou"": 0.3, ""size_ratio"": 0.65, ""strong_center_distance"": 0.12, ""strong_overlap_iou"": 0.9, ""strong_overlap_max_frames"": 10, ""strong_size_ratio"": 0.7}"
separated,size/aspect mismatch,aa894e58-e4d8-446a-a5f0-69b0600d03a1-object-0006 | aa894e58-e4d8-446a-a5f0-69b0600d03a1-object-0010,16c70c74-caab-5a7f-af06-6b71a5a4855a | 5c409e53-6f25-5f9a-a851-aa8aa7cce794,plastic | cardboard,0.7522 | 0.4171,"[""22""] | [""38"", ""39""]",154-173 | 224-231,"[0.195801, 0.199486, 0.339554, 0.279785] | [0.282319, 0.356168, 0.634773, 0.648162]",False,0,51,0.3483,0.0,,,0.3929,0.2647,0.6708,0.0,appearance compared successfully,0.4979,False,False,,"{""appearance_similarity"": 0.82, ""center_distance"": 0.18, ""iou"": 0.08, ""max_gap"": 90, ""max_overlap_frames"": 5, ""meaningful_overlap_frames"": 12, ""min_appearance_similarity"": 0.45, ""overlap_iou"": 0.3, ""size_ratio"": 0.65, ""strong_center_distance"": 0.12, ""strong_overlap_iou"": 0.9, ""strong_overlap_max_frames"": 10, ""strong_size_ratio"": 0.7}"
separated,size/aspect mismatch,aa894e58-e4d8-446a-a5f0-69b0600d03a1-object-0006 | aa894e58-e4d8-446a-a5f0-69b0600d03a1-object-0011,16c70c74-caab-5a7f-af06-6b71a5a4855a | bdc32c7f-2040-5063-85fc-f582b42bff6e,plastic | cardboard,0.7522 | 0.6382,"[""22""] | [""40""]",154-173 | 235-239,"[0.195801, 0.199486, 0.339554, 0.279785] | [0.354298, 0.624363, 0.595239, 0.80584]",False,0,62,0.5438,0.0,,,0.5739,0.4274,0.7413,0.5792,appearance compared successfully,0.4256,False,False,,"{""appearance_similarity"": 0.82, ""center_distance"": 0.18, ""iou"": 0.08, ""max_gap"": 90, ""max_overlap_frames"": 5, ""meaningful_overlap_frames"": 12, ""min_appearance_similarity"": 0.45, ""overlap_iou"": 0.3, ""size_ratio"": 0.65, ""strong_center_distance"": 0.12, ""strong_overlap_iou"": 0.9, ""strong_overlap_max_frames"": 10, ""strong_size_ratio"": 0.7}"
separated,simultaneous low-IoU boxes for 135 frames,aa894e58-e4d8-446a-a5f0-69b0600d03a1-object-0007 | aa894e58-e4d8-446a-a5f0-69b0600d03a1-object-0008,9e371ee9-be8d-5636-9889-071ffa3f4cc4 | 1dea76dd-dad1-5662-89fb-610ee65f1e31,cardboard | plastic,0.9281 | 0.7023,"[""26"", ""42""] | [""28"", ""33"", ""46""]",158-301 | 167-301,"[0.335834, 0.723128, 0.58891, 0.94547] | [0.286432, 0.371353, 0.632567, 0.660795]",True,135,0,0.188,0.1505,0.0029,0.0841,0.7714,0.5634,0.6681,0.4238,appearance compared successfully,0.6627,True,False,,"{""appearance_similarity"": 0.82, ""center_distance"": 0.18, ""iou"": 0.08, ""max_gap"": 90, ""max_overlap_frames"": 5, ""meaningful_overlap_frames"": 12, ""min_appearance_similarity"": 0.45, ""overlap_iou"": 0.3, ""size_ratio"": 0.65, ""strong_center_distance"": 0.12, ""strong_overlap_iou"": 0.9, ""strong_overlap_max_frames"": 10, ""strong_size_ratio"": 0.7}"
separated,simultaneous low-IoU boxes for 106 frames,aa894e58-e4d8-446a-a5f0-69b0600d03a1-object-0007 | aa894e58-e4d8-446a-a5f0-69b0600d03a1-object-0009,9e371ee9-be8d-5636-9889-071ffa3f4cc4 | e76a7eb7-78f4-51cb-9b45-8e2136a6769b,cardboard | plastic,0.9281 | 0.8253,"[""26"", ""42""] | [""35"", ""37""]",158-301 | 194-299,"[0.335834, 0.723128, 0.58891, 0.94547] | [0.073478, 0.923937, 0.341892, 0.999582]",True,106,0,0.5384,0.0,0.0045,0.0508,0.7246,0.3814,0.5812,0.4123,appearance compared successfully,0.5359,True,False,,"{""appearance_similarity"": 0.82, ""center_distance"": 0.18, ""iou"": 0.08, ""max_gap"": 90, ""max_overlap_frames"": 5, ""meaningful_overlap_frames"": 12, ""min_appearance_similarity"": 0.45, ""overlap_iou"": 0.3, ""size_ratio"": 0.65, ""strong_center_distance"": 0.12, ""strong_overlap_iou"": 0.9, ""strong_overlap_max_frames"": 10, ""strong_size_ratio"": 0.7}"
separated,temporal overlap 8 exceeds 5,aa894e58-e4d8-446a-a5f0-69b0600d03a1-object-0007 | aa894e58-e4d8-446a-a5f0-69b0600d03a1-object-0010,9e371ee9-be8d-5636-9889-071ffa3f4cc4 | 5c409e53-6f25-5f9a-a851-aa8aa7cce794,cardboard | cardboard,0.9281 | 0.4171,"[""26"", ""42""] | [""38"", ""39""]",158-301 | 224-231,"[0.335834, 0.723128, 0.58891, 0.94547] | [0.282319, 0.356168, 0.634773, 0.648162]",True,8,0,0.1539,0.2764,0.0,0.0,0.8152,0.6094,0.6752,0.911,appearance compared successfully,0.6625,False,False,,"{""appearance_similarity"": 0.82, ""center_distance"": 0.18, ""iou"": 0.08, ""max_gap"": 90, ""max_overlap_frames"": 5, ""meaningful_overlap_frames"": 12, ""min_appearance_similarity"": 0.45, ""overlap_iou"": 0.3, ""size_ratio"": 0.65, ""strong_center_distance"": 0.12, ""strong_overlap_iou"": 0.9, ""strong_overlap_max_frames"": 10, ""strong_size_ratio"": 0.7}"
separated,simultaneous low-IoU boxes for 106 frames,aa894e58-e4d8-446a-a5f0-69b0600d03a1-object-0008 | aa894e58-e4d8-446a-a5f0-69b0600d03a1-object-0009,1dea76dd-dad1-5662-89fb-610ee65f1e31 | e76a7eb7-78f4-51cb-9b45-8e2136a6769b,plastic | plastic,0.7023 | 0.8253,"[""28"", ""33"", ""46""] | [""35"", ""37""]",167-301 | 194-299,"[0.286432, 0.371353, 0.632567, 0.660795] | [0.073478, 0.923937, 0.341892, 0.999582]",True,106,0,0.6965,0.0,0.0004,0.0186,0.5589,0.2149,0.3883,0.9999,appearance compared successfully,0.5506,True,False,,"{""appearance_similarity"": 0.82, ""center_distance"": 0.18, ""iou"": 0.08, ""max_gap"": 90, ""max_overlap_frames"": 5, ""meaningful_overlap_frames"": 12, ""min_appearance_similarity"": 0.45, ""overlap_iou"": 0.3, ""size_ratio"": 0.65, ""strong_center_distance"": 0.12, ""strong_overlap_iou"": 0.9, ""strong_overlap_max_frames"": 10, ""strong_size_ratio"": 0.7}"
separated,size/aspect mismatch,aa894e58-e4d8-446a-a5f0-69b0600d03a1-object-0008 | aa894e58-e4d8-446a-a5f0-69b0600d03a1-object-0011,1dea76dd-dad1-5662-89fb-610ee65f1e31 | bdc32c7f-2040-5063-85fc-f582b42bff6e,plastic | cardboard,0.7023 | 0.6382,"[""28"", ""33"", ""46""] | [""40""]",167-301 | 235-239,"[0.286432, 0.371353, 0.632567, 0.660795] | [0.354298, 0.624363, 0.595239, 0.80584]",True,5,0,0.3933,0.0,0.0,0.0,0.6478,0.5727,0.8953,0.5894,appearance compared successfully,0.7129,False,False,,"{""appearance_similarity"": 0.82, ""center_distance"": 0.18, ""iou"": 0.08, ""max_gap"": 90, ""max_overlap_frames"": 5, ""meaningful_overlap_frames"": 12, ""min_appearance_similarity"": 0.45, ""overlap_iou"": 0.3, ""size_ratio"": 0.65, ""strong_center_distance"": 0.12, ""strong_overlap_iou"": 0.9, ""strong_overlap_max_frames"": 10, ""strong_size_ratio"": 0.7}"
separated,temporal overlap 8 exceeds 5,aa894e58-e4d8-446a-a5f0-69b0600d03a1-object-0009 | aa894e58-e4d8-446a-a5f0-69b0600d03a1-object-0010,e76a7eb7-78f4-51cb-9b45-8e2136a6769b | 5c409e53-6f25-5f9a-a851-aa8aa7cce794,plastic | cardboard,0.8253 | 0.4171,"[""35"", ""37""] | [""38"", ""39""]",194-299 | 224-231,"[0.073478, 0.923937, 0.341892, 0.999582] | [0.282319, 0.356168, 0.634773, 0.648162]",True,8,0,0.5662,0.0,0.0,0.0,0.5907,0.2324,0.3924,0.0,appearance compared successfully,0.5461,False,False,,"{""appearance_similarity"": 0.82, ""center_distance"": 0.18, ""iou"": 0.08, ""max_gap"": 90, ""max_overlap_frames"": 5, ""meaningful_overlap_frames"": 12, ""min_appearance_similarity"": 0.45, ""overlap_iou"": 0.3, ""size_ratio"": 0.65, ""strong_center_distance"": 0.12, ""strong_overlap_iou"": 0.9, ""strong_overlap_max_frames"": 10, ""strong_size_ratio"": 0.7}"
separated,size/aspect mismatch,aa894e58-e4d8-446a-a5f0-69b0600d03a1-object-0009 | aa894e58-e4d8-446a-a5f0-69b0600d03a1-object-0011,e76a7eb7-78f4-51cb-9b45-8e2136a6769b | bdc32c7f-2040-5063-85fc-f582b42bff6e,plastic | cardboard,0.8253 | 0.6382,"[""35"", ""37""] | [""40""]",194-299 | 235-239,"[0.073478, 0.923937, 0.341892, 0.999582] | [0.354298, 0.624363, 0.595239, 0.80584]",True,5,0,0.4141,0.0,0.0,0.0,0.8628,0.3752,0.4337,0.5792,appearance compared successfully,0.5328,False,False,,"{""appearance_similarity"": 0.82, ""center_distance"": 0.18, ""iou"": 0.08, ""max_gap"": 90, ""max_overlap_frames"": 5, ""meaningful_overlap_frames"": 12, ""min_appearance_similarity"": 0.45, ""overlap_iou"": 0.3, ""size_ratio"": 0.65, ""strong_center_distance"": 0.12, ""strong_overlap_iou"": 0.9, ""strong_overlap_max_frames"": 10, ""strong_size_ratio"": 0.7}"
separated,size/aspect mismatch,aa894e58-e4d8-446a-a5f0-69b0600d03a1-object-0010 | aa894e58-e4d8-446a-a5f0-69b0600d03a1-object-0011,5c409e53-6f25-5f9a-a851-aa8aa7cce794 | bdc32c7f-2040-5063-85fc-f582b42bff6e,cardboard | cardboard,0.4171 | 0.6382,"[""38"", ""39""] | [""40""]",224-231 | 235-239,"[0.282319, 0.356168, 0.634773, 0.648162] | [0.354298, 0.624363, 0.595239, 0.80584]",False,0,4,0.2459,0.0,,,0.6846,0.6195,0.9048,0.8152,appearance compared successfully,0.7128,False,False,,"{""appearance_similarity"": 0.82, ""center_distance"": 0.18, ""iou"": 0.08, ""max_gap"": 90, ""max_overlap_frames"": 5, ""meaningful_overlap_frames"": 12, ""min_appearance_similarity"": 0.45, ""overlap_iou"": 0.3, ""size_ratio"": 0.65, ""strong_center_distance"": 0.12, ""strong_overlap_iou"": 0.9, ""strong_overlap_max_frames"": 10, ""strong_size_ratio"": 0.7}"
